USE webmobile;

-- Categories
INSERT INTO categories (id, name, picture_path) VALUES
    (1, 'Cuffie',    'media/images/categorie/cuffie.png'),
    (2, 'Telefoni',  'media/images/categorie/telefoni.png'),
    (3, 'Computer',  'media/images/categorie/computer.png'),
    (4, 'Tv',        'media/images/categorie/tv.png'),
    (5, 'Gaming',    'media/images/categorie/gaming.png'),
    (6, 'Accessori', 'media/images/categorie/accessori.png');

-- Products
INSERT INTO products (id, name, description, price, width, height, length, main_picture_path, category_id) VALUES
    (1,  'Google Pixel Buds Pro',      'Auricolari Wireless',                                        190.00,  7.60, 74.00, 155.00, 'media/images/cuffie/pixelbudspro/1.png',          1),
    (2,  'AirPods Pro 2',              'Auricolari wireless con cancellazione attiva del rumore',    219.00,  0.00,  0.00,   0.00, 'media/images/cuffie/airpodspro2/1.png',           1),
    (3,  'Apple Beats',                'Cuffie wireless di alta qualità',                            199.00,  0.00,  0.00,   0.00, 'media/images/cuffie/applebeats/1.png',            1),
    (4,  'Beats by Dre Studio',        'Cuffie over-ear con cancellazione attiva del rumore',        299.00,  0.00,  0.00,   0.00, 'media/images/cuffie/beatsdre/1.png',              1),
    (5,  'LG Tone Free FP3',           'Auricolari true wireless con cancellazione attiva del rumore', 109.00, 0.00, 0.00,   0.00, 'media/images/cuffie/lg/1.png',                   1),
    (6,  'Oppo Enco X',                'Auricolari wireless con audio di alta qualità',              169.00,  0.00,  0.00,   0.00, 'media/images/cuffie/oppo/1.png',                  1),
    (7,  'Philips True Wireless TAH2205', 'Auricolari true wireless di qualità',                     69.00,  0.00,  0.00,   0.00, 'media/images/cuffie/philips/1.png',               1),
    (8,  'Sony WH-520',                'Cuffie wireless over-ear con cancellazione attiva del rumore', 169.00, 0.00, 0.00,   0.00, 'media/images/cuffie/sony/1.png',                 1),
    (9,  'Samsung Galaxy Buds',        'Auricolari wireless di qualità',                             129.00,  0.00,  0.00,   0.00, 'media/images/cuffie/galaxybuds/1.png',            1),
    (10, 'Yamaha 700A',                'Cuffie wireless di alta qualità',                            199.00,  0.00,  0.00,   0.00, 'media/images/cuffie/yamaha/1.png',                1),
    (11, 'Google Pixel 7',             'Telefono della google',                                      550.00,  7.60, 74.00, 155.00, 'media/images/telefoni/pixel7/1.png',              2),
    (12, 'iPhone 12',                  'Telefono Apple',                                             999.00,  0.00,  0.00,   0.00, 'media/images/telefoni/iphone12/1.png',            2),
    (13, 'iPhone 13',                  'Telefono Apple',                                            1099.00,  0.00,  0.00,   0.00, 'media/images/telefoni/iphone13/1.png',            2),
    (14, 'iPhone 14',                  'Telefono Apple',                                            1199.00,  0.00,  0.00,   0.00, 'media/images/telefoni/iphone14/1.png',            2),
    (15, 'iPhone 14 Pro',              'Telefono Apple',                                            1399.00,  0.00,  0.00,   0.00, 'media/images/telefoni/iphone14pro/1.png',         2),
    (16, 'Oppo Reno 8 Lite',           'Telefono Oppo',                                              699.00,  0.00,  0.00,   0.00, 'media/images/telefoni/opporeno8lite/1.png',       2),
    (17, 'Redmi 11s',                  'Telefono Redmi',                                             299.00,  0.00,  0.00,   0.00, 'media/images/telefoni/redmi11s/1.png',            2),
    (18, 'Redmi 12 Pro',               'Telefono Redmi',                                             399.00,  0.00,  0.00,   0.00, 'media/images/telefoni/redmi12pro/1.png',          2),
    (19, 'Samsung Galaxy 22',          'Telefono Samsung',                                           899.00,  0.00,  0.00,   0.00, 'media/images/telefoni/samsung22/1.png',           2),
    (20, 'Samsung Galaxy 23',          'Telefono Samsung',                                           999.00,  0.00,  0.00,   0.00, 'media/images/telefoni/samsung23/1.png',           2),
    (21, 'Microsoft Surface Laptop',   'Computer Microsoft Surface',                                1099.00,  0.00,  0.00,   0.00, 'media/images/computer/microsoftsurface/1.png',    3),
    (22, 'MacBook Pro M2',             'Computer MacBook Pro',                                      1999.00,  0.00,  0.00,   0.00, 'media/images/computer/macprom2/1.png',            3),
    (23, 'MacBook Pro 16" M2',         'Computer MacBook Pro',                                      2499.00,  0.00,  0.00,   0.00, 'media/images/computer/macpro16m2/1.png',          3),
    (24, 'MacBook Air M1',             'Computer MacBook Air',                                      1299.00,  0.00,  0.00,   0.00, 'media/images/computer/macairm1/1.png',            3),
    (25, 'Lenovo IdeaPad 3',           'Computer Lenovo',                                            699.00,  0.00,  0.00,   0.00, 'media/images/computer/lenovo3/1.png',             3),
    (26, 'iMac M1',                    'Computer iMac',                                             1499.00,  0.00,  0.00,   0.00, 'media/images/computer/imacm1/1.png',              3),
    (27, 'HP Envy',                    'Computer HP Envy',                                           899.00,  0.00,  0.00,   0.00, 'media/images/computer/hpenvy/1.png',              3),
    (28, 'Galaxy Book 3',              'Computer Samsung',                                           799.00,  0.00,  0.00,   0.00, 'media/images/computer/galaxybook3/1.png',         3),
    (29, 'Asus VivoBook',              'Computer Asus Vivo',                                         699.00,  0.00,  0.00,   0.00, 'media/images/computer/asusvivo/1.png',            3),
    (30, 'Acer Aspire 5',              'Laptop Acer',                                                699.00,  0.00,  0.00,   0.00, 'media/images/computer/aceraspire/1.png',          3),
    (31, 'Xiaomi P1E',                 'Smart TV Xiaomi 43"',                                        699.00,  0.00,  0.00,   0.00, 'media/images/tv/xiaomip1e/1.png',                 4),
    (32, 'TCL QLED',                   'Smart TV TCL 55"',                                           999.00,  0.00,  0.00,   0.00, 'media/images/tv/tclqled/1.png',                   4),
    (33, 'Sony Bravia 2022',           'Smart TV Sony',                                             1499.00,  0.00,  0.00,   0.00, 'media/images/tv/sonybravia2022/1.png',            4),
    (34, 'Samsung Series 6',           'Smart TV Samsung',                                           799.00,  0.00,  0.00,   0.00, 'media/images/tv/samsung6/1.png',                  4),
    (35, 'Samsung Series 7',           'Smart TV Samsung',                                           899.00,  0.00,  0.00,   0.00, 'media/images/tv/samsung7/1.png',                  4),
    (36, 'Samsung Series 8',           'Smart TV Samsung',                                           999.00,  0.00,  0.00,   0.00, 'media/images/tv/samsung8/1.png',                  4),
    (37, 'Samsung Series 9',           'Smart TV Samsung',                                          1199.00,  0.00,  0.00,   0.00, 'media/images/tv/samsung9/1.png',                  4),
    (38, 'Philips HD',                 'Smart TV Philips',                                           599.00,  0.00,  0.00,   0.00, 'media/images/tv/philipshd/1.png',                 4),
    (39, 'LG OLED',                    'Smart TV LG',                                               1699.00,  0.00,  0.00,   0.00, 'media/images/tv/lgoled/1.png',                    4),
    (40, 'Hisense 4K',                 'Smart TV Hisense 50"',                                       799.00,  0.00,  0.00,   0.00, 'media/images/tv/hisense4k/1.png',                 4),
    (41, 'PlayStation 4',              'Console PlayStation 4',                                      299.00,  0.00,  0.00,   0.00, 'media/images/gaming/ps4/1.png',                   5),
    (42, 'PlayStation 5 + God of War', 'Console PlayStation 5 con God of War',                      599.00,  0.00,  0.00,   0.00, 'media/images/gaming/ps5gow/1.png',                5),
    (43, 'PlayStation 4 Controller',   'Controller PlayStation 4',                                    59.00,  0.00,  0.00,   0.00, 'media/images/gaming/ps4controller/1.png',         5),
    (44, 'PlayStation 5 Controller',   'Controller PlayStation 5',                                    69.00,  0.00,  0.00,   0.00, 'media/images/gaming/ps5controller/1.png',         5),
    (45, 'Sedia Trust GXT',            'Sedia da gaming Trust GXT',                                  199.00,  0.00,  0.00,   0.00, 'media/images/gaming/sediatrustgxt/1.png',         5),
    (46, 'Xbox Series X',              'Console Xbox Series X',                                      499.00,  0.00,  0.00,   0.00, 'media/images/gaming/xboxseriex/1.png',            5),
    (47, 'Xbox Controller',            'Controller Xbox',                                              49.00,  0.00,  0.00,   0.00, 'media/images/gaming/xboxcontroller/1.png',        5),
    (48, 'Nintendo Switch',            'Console Nintendo Switch',                                    299.00,  0.00,  0.00,   0.00, 'media/images/gaming/nintendoswitch/1.png',         5),
    (49, 'Nintendo Controller',        'Controller Nintendo',                                         59.00,  0.00,  0.00,   0.00, 'media/images/gaming/nintendocontroller/1.png',    5),
    (50, 'Joy-Con',                    'Controller Joy-Con',                                          79.00,  0.00,  0.00,   0.00, 'media/images/gaming/joycon/1.png',                5),
    (51, 'Apple Adattatore Multiporta','Adattatore Apple',                                            49.00,  0.00,  0.00,   0.00, 'media/images/accessori/appleadattatoremulti/1.png', 6),
    (52, 'D-Link Switch',              'Switch di rete D-Link',                                       59.00,  0.00,  0.00,   0.00, 'media/images/accessori/dlinkswitch/1.png',        6),
    (53, 'GoPro',                      'Action Camera GoPro',                                        299.00,  0.00,  0.00,   0.00, 'media/images/accessori/gopro/1.png',              6),
    (54, 'Cavo Fibra Ottica Hama',     'Cavo Fibra Ottica',                                           19.90,  0.00,  0.00,   0.00, 'media/images/accessori/cavofibraotticahama/1.png', 6),
    (55, 'Cavo HDMI',                  'Cavo HDMI',                                                    9.99,  0.00,  0.00,   0.00, 'media/images/accessori/cavohdmi/1.png',           6),
    (56, 'Mediacom Adattatore Multi',  'Adattatore Mediacom',                                         29.99,  0.00,  0.00,   0.00, 'media/images/accessori/mediacomadattatoremulti/1.png', 6),
    (57, 'Mouse Trust GXT',            'Mouse Trust',                                                 39.99,  0.00,  0.00,   0.00, 'media/images/accessori/mousetrustgxt/1.png',      6),
    (58, 'Tastiera Logitech',          'Tastiera Logitech',                                           79.99,  0.00,  0.00,   0.00, 'media/images/accessori/tastieralogitech/1.png',   6),
    (59, 'TP-Link TL',                 'Router TP-Link',                                              49.99,  0.00,  0.00,   0.00, 'media/images/accessori/tplinktl/1.png',           6),
    (60, 'Lightning USB',              'Cavo Lightning USB',                                          19.99,  0.00,  0.00,   0.00, 'media/images/accessori/lightningusb/1.png',       6);

-- Product colors
INSERT INTO product_colors (id, product_id, color, color_hex, stock) VALUES
    (1,  1,  'Grigio antracite', '#1d1c1c', 15),
    (2,  2,  'Bianco',           '#FFFFFF',  15),
    (3,  3,  'Nero, Oro',        '#000000',  15),
    (4,  4,  'Corallo',          '#ff7f50',  15),
    (5,  5,  'Blu',              '#0000ff',  15),
    (6,  6,  'Bianco',           '#FFFFFF',  15),
    (7,  7,  'Blu',              '#0000ff',  15),
    (8,  8,  'Blu',              '#0000ff',  15),
    (9,  9,  'Bianco',           '#FFFFFF',  15),
    (10, 10, 'Bianco',           '#FFFFFF',  15),
    (11, 11, 'Nero ossidiana',   '#000000',  20),
    (12, 11, 'Bianco ghiaccio',  '#FFFFFF',  10),
    (13, 12, 'Nero',             '#000000',  15),
    (14, 13, 'Blu',              '#0000ff',  15),
    (15, 13, 'Nero',             '#000000',  15),
    (16, 14, 'Blu',              '#0000ff',  15),
    (17, 15, 'Nero',             '#000000',  15),
    (18, 16, 'Nero',             '#000000',  15),
    (19, 17, 'Nero',             '#000000',  15),
    (20, 18, 'Nero',             '#000000',  15),
    (21, 19, 'Bianco',           '#FFFFFF',  15),
    (22, 20, 'Nero',             '#000000',  15),
    (23, 21, 'Platino',          '#e5e4e2',  15),
    (24, 22, 'Grigio',           '#808080',  15),
    (25, 23, 'Grigio',           '#808080',  15),
    (26, 24, 'Grigio',           '#808080',  15),
    (27, 24, 'Oro',              '#ffd700',  15),
    (28, 25, 'Grigio',           '#808080',  15),
    (29, 26, 'Blu',              '#0000FF',  15),
    (30, 27, 'Argento',          '#c0c0c0',  15),
    (31, 28, 'Nero',             '#000000',  15),
    (32, 29, 'Argento',          '#c0c0c0',  15),
    (33, 30, 'Grigio',           '#808080',  15),
    (34, 31, 'Nero',             '#000000',  15),
    (35, 32, 'Nero',             '#000000',  13),
    (36, 33, 'Nero',             '#000000',  15),
    (37, 34, 'Nero',             '#000000',  15),
    (38, 35, 'Nero',             '#000000',  15),
    (39, 36, 'Nero',             '#000000',  15),
    (40, 37, 'Nero',             '#000000',  15),
    (41, 38, 'Nero',             '#000000',  15),
    (42, 39, 'Nero',             '#000000',  15),
    (43, 40, 'Nero',             '#000000',  15),
    (44, 41, 'Nero',             '#000000',  14),
    (45, 42, 'Bianco',           '#FFFFFF',  15),
    (46, 43, 'Rosso',            '#ff0000',  15),
    (47, 43, 'Nero',             '#000000',  15),
    (48, 44, 'Blu',              '#0000FF',  15),
    (49, 44, 'Bianco',           '#FFFFFF',  15),
    (50, 45, 'Blu',              '#0000FF',  15),
    (51, 46, 'Nero',             '#000000',  15),
    (52, 47, 'Bianco',           '#FFFFFF',  15),
    (53, 48, 'Turchese',         '#40e0d0',  15),
    (54, 49, 'Nero',             '#000000',  15),
    (55, 50, 'Nero',             '#000000',  15),
    (56, 51, 'Bianco',           '#FFFFFF',  15),
    (57, 52, 'Nero',             '#000000',  15),
    (58, 53, 'Nero',             '#000000',  15),
    (59, 54, 'Nero',             '#000000',  15),
    (60, 55, 'Nero',             '#000000',  15),
    (61, 56, 'Nero',             '#000000',  15),
    (62, 57, 'Nero',             '#000000',  15),
    (63, 58, 'Nero',             '#000000',  15),
    (64, 59, 'Bianco',           '#FFFFFF',  15),
    (65, 60, 'Bianco',           '#FFFFFF',  15);

-- Product pictures
INSERT INTO product_pictures (id, product_id, picture_path, picture_index, color_id) VALUES
    (1,  1,  'media/images/cuffie/pixelbudspro/grigioAntarcite/1.png',       0, 1),
    (2,  1,  'media/images/cuffie/pixelbudspro/grigioAntarcite/2.png',       1, 1),
    (3,  2,  'media/images/cuffie/airpodspro2/bianco/1.png',                 0, 2),
    (4,  2,  'media/images/cuffie/airpodspro2/bianco/2.png',                 1, 2),
    (5,  2,  'media/images/cuffie/airpodspro2/bianco/3.png',                 2, 2),
    (6,  2,  'media/images/cuffie/airpodspro2/bianco/4.png',                 3, 2),
    (7,  3,  'media/images/cuffie/applebeats/nero/1.png',                    0, 3),
    (8,  3,  'media/images/cuffie/applebeats/nero/2.png',                    1, 3),
    (9,  3,  'media/images/cuffie/applebeats/nero/3.png',                    2, 3),
    (10, 3,  'media/images/cuffie/applebeats/nero/4.png',                    3, 3),
    (11, 3,  'media/images/cuffie/applebeats/nero/5.png',                    4, 3),
    (12, 3,  'media/images/cuffie/applebeats/nero/6.png',                    5, 3),
    (13, 4,  'media/images/cuffie/beatsdre/corallo/1.png',                   0, 4),
    (14, 4,  'media/images/cuffie/beatsdre/corallo/2.png',                   1, 4),
    (15, 4,  'media/images/cuffie/beatsdre/corallo/3.png',                   2, 4),
    (16, 5,  'media/images/cuffie/lg/blu/1.png',                             0, 5),
    (17, 5,  'media/images/cuffie/lg/blu/2.png',                             1, 5),
    (18, 6,  'media/images/cuffie/oppo/bianco/1.png',                        0, 6),
    (19, 7,  'media/images/cuffie/philips/blu/1.png',                        0, 7),
    (20, 7,  'media/images/cuffie/philips/blu/2.png',                        1, 7),
    (21, 8,  'media/images/cuffie/sony/blu/1.png',                           0, 8),
    (22, 8,  'media/images/cuffie/sony/blu/2.png',                           1, 8),
    (23, 9,  'media/images/cuffie/galaxybuds/bianco/1.png',                  0, 9),
    (24, 10, 'media/images/cuffie/yamaha/bianco/1.png',                      0, 10),
    (25, 10, 'media/images/cuffie/yamaha/bianco/2.png',                      1, 10),
    (26, 11, 'media/images/telefoni/pixel7/nero/1.png',                      0, 11),
    (27, 11, 'media/images/telefoni/pixel7/bianco/1.png',                    0, 12),
    (28, 12, 'media/images/telefoni/iphone12/nero/1.png',                    0, 13),
    (29, 12, 'media/images/telefoni/iphone12/nero/2.png',                    1, 13),
    (30, 12, 'media/images/telefoni/iphone12/nero/3.png',                    2, 13),
    (31, 13, 'media/images/telefoni/iphone13/blu/1.png',                     0, 14),
    (32, 13, 'media/images/telefoni/iphone13/blu/2.png',                     1, 14),
    (33, 13, 'media/images/telefoni/iphone13/nero/1.png',                    0, 15),
    (34, 14, 'media/images/telefoni/iphone14/blu/1.png',                     0, 16),
    (35, 14, 'media/images/telefoni/iphone14/blu/2.png',                     1, 16),
    (36, 15, 'media/images/telefoni/iphone14pro/nero/1.png',                 0, 17),
    (37, 15, 'media/images/telefoni/iphone14pro/nero/2.png',                 1, 17),
    (38, 16, 'media/images/telefoni/opporeno8lite/nero/1.png',               0, 18),
    (39, 17, 'media/images/telefoni/redmi11s/nero/1.png',                    0, 19),
    (40, 18, 'media/images/telefoni/redmi12pro/nero/1.png',                  0, 20),
    (41, 19, 'media/images/telefoni/samsung22/bianco/1.png',                 0, 21),
    (42, 20, 'media/images/telefoni/samsung23/nero/1.png',                   0, 22),
    (43, 21, 'media/images/computer/microsoftsurface/platino/1.png',         0, 23),
    (44, 21, 'media/images/computer/microsoftsurface/platino/2.png',         1, 23),
    (45, 22, 'media/images/computer/macprom2/grigio/1.png',                  0, 24),
    (46, 22, 'media/images/computer/macprom2/grigio/2.png',                  1, 24),
    (47, 23, 'media/images/computer/macpro16m2/grigio/1.png',                0, 25),
    (48, 23, 'media/images/computer/macpro16m2/grigio/2.png',                1, 25),
    (49, 24, 'media/images/computer/macairm1/grigio/1.png',                  0, 26),
    (50, 24, 'media/images/computer/macairm1/oro/1.png',                     0, 27),
    (51, 25, 'media/images/computer/lenovo3/grigio/1.png',                   0, 28),
    (52, 26, 'media/images/computer/imacm1/blu/1.png',                       0, 29),
    (53, 27, 'media/images/computer/hpenvy/argento/1.png',                   0, 30),
    (54, 28, 'media/images/computer/galaxybook3/nero/1.png',                 0, 31),
    (55, 29, 'media/images/computer/asusvivo/argento/1.png',                 0, 32),
    (56, 30, 'media/images/computer/aceraspire/grigio/1.png',                0, 33),
    (57, 31, 'media/images/tv/xiaomip1e/nero/1.png',                         0, 34),
    (58, 32, 'media/images/tv/tclqled/nero/1.png',                           0, 35),
    (59, 33, 'media/images/tv/sonybravia2022/nero/1.png',                    0, 36),
    (60, 34, 'media/images/tv/samsung6/nero/1.png',                          0, 37),
    (61, 35, 'media/images/tv/samsung7/nero/1.png',                          0, 38),
    (62, 36, 'media/images/tv/samsung8/nero/1.png',                          0, 39),
    (63, 37, 'media/images/tv/samsung9/nero/1.png',                          0, 40),
    (64, 38, 'media/images/tv/philipshd/nero/1.png',                         0, 41),
    (65, 39, 'media/images/tv/lgoled/nero/1.png',                            0, 42),
    (66, 40, 'media/images/tv/hisense4k/nero/1.png',                         0, 43),
    (67, 41, 'media/images/gaming/ps4/nero/1.png',                           0, 44),
    (68, 41, 'media/images/gaming/ps4/nero/2.png',                           1, 44),
    (69, 42, 'media/images/gaming/ps5gow/bianco/1.png',                      0, 45),
    (70, 43, 'media/images/gaming/ps4controller/rosso/1.png',                0, 46),
    (71, 43, 'media/images/gaming/ps4controller/nero/1.png',                 0, 47),
    (72, 44, 'media/images/gaming/ps5controller/blu/1.png',                  0, 48),
    (73, 44, 'media/images/gaming/ps5controller/bianco/1.png',               0, 49),
    (74, 45, 'media/images/gaming/sediatrustgxt/blu/1.png',                  0, 50),
    (75, 46, 'media/images/gaming/xboxseriex/nero/1.png',                    0, 51),
    (76, 47, 'media/images/gaming/xboxcontroller/bianco/1.png',              0, 52),
    (77, 48, 'media/images/gaming/nintendoswitch/turchese/1.png',            0, 53),
    (78, 49, 'media/images/gaming/nintendocontroller/nero/1.png',            0, 54),
    (79, 50, 'media/images/gaming/joycon/nero/1.png',                        0, 55),
    (80, 51, 'media/images/accessori/appleadattatoremulti/bianco/1.png',     0, 56),
    (81, 52, 'media/images/accessori/dlinkswitch/nero/1.png',                0, 57),
    (82, 53, 'media/images/accessori/gopro/nero/1.png',                      0, 58),
    (83, 54, 'media/images/accessori/cavofibraotticahama/nero/1.png',        0, 59),
    (84, 55, 'media/images/accessori/cavohdmi/nero/1.png',                   0, 60),
    (85, 56, 'media/images/accessori/mediacomadattatoremulti/nero/1.png',    0, 61),
    (86, 57, 'media/images/accessori/mousetrustgxt/nero/1.png',              0, 62),
    (87, 58, 'media/images/accessori/tastieralogitech/nero/1.png',           0, 63),
    (88, 59, 'media/images/accessori/tplinktl/bianco/1.png',                 0, 64),
    (89, 60, 'media/images/accessori/lightningusb/bianco/1.png',             0, 65);

-- Sales
INSERT INTO sales (id, description, discount, start_date, end_date, product_id) VALUES
    (1,  'Offerta Speciale', 30, '2026-01-01 00:00:00', '2099-12-31 23:59:59', 1),
    (2,  'Offerta Speciale', 30, '2026-01-01 00:00:00', '2099-12-31 23:59:59', 11),
    (3,  'Offerta Speciale', 30, '2026-01-01 00:00:00', '2099-12-31 23:59:59', 21),
    (4,  'Offerta Speciale', 30, '2026-01-01 00:00:00', '2099-12-31 23:59:59', 31),
    (5,  'Offerta Speciale', 30, '2026-01-01 00:00:00', '2099-12-31 23:59:59', 41),
    (6,  'Offerta Speciale', 30, '2026-01-01 00:00:00', '2099-12-31 23:59:59', 51),
    (7,  'Saldi',            20, '2026-01-01 00:00:00', '2099-12-31 23:59:59', 2),
    (8,  'Saldi',            20, '2026-01-01 00:00:00', '2099-12-31 23:59:59', 12),
    (9,  'Saldi',            15, '2026-01-01 00:00:00', '2099-12-31 23:59:59', 22),
    (10, 'Saldi',            15, '2026-01-01 00:00:00', '2099-12-31 23:59:59', 32);
